<scene version="3.0.0">
	<default name="integrator" value="path" />
	<default name="spp" value="256" />
	<default name="resy" value="1024" />
	<default name="resx" value="1024" />
	<default name="max_depth" value="65" />
	<integrator type="$integrator">
		<integer name="max_depth" value="$max_depth" />
	</integrator>

	<shape type="rectangle">
		<sensor type="irradiancemeter">
			<film type="hdrfilm">
				<integer name="width" value="$resx" />
				<integer name="height" value="$resy" />
				<string name="file_format" value="openexr" />
				<string name="pixel_format" value="luminance" />
				<rfilter type="box" />
			</film>
			<sampler type="independent">
				<integer name="sample_count" value="$spp" />
			</sampler>
		</sensor>
		<transform name="to_world">
			<rotate x="1" y="0" z="0" angle="-90"/>
            <translate x="0" y="0" z="0"/>
        </transform>
		<bsdf type="null" id="CameraBSDF" />
	</shape>

	<bsdf type="null" id="FloorBSDF">
	</bsdf>
	<bsdf type="null" id="CeilingBSDF">
	</bsdf>

	<bsdf type="twosided" id="LightBSDF">
		<bsdf type="diffuse">
			<rgb name="reflectance" value="1, 1, 1" />
		</bsdf>
	</bsdf>

	<shape type="rectangle" id="Floor">
		<transform name="to_world">
			<matrix value="-4.37114e-008 1 4.37114e-008 0 0 -8.74228e-008 2 0 1 4.37114e-008 1.91069e-015 0 0 0 0 1" />
		</transform>
		<ref id="FloorBSDF" />
	</shape>
	<shape type="rectangle" id="Ceiling">
		<transform name="to_world">
			<matrix value="-1 7.64274e-015 -1.74846e-007 0 8.74228e-008 8.74228e-008 -2 2 0 -1 -4.37114e-008 0 0 0 0 1" />
		</transform>
		<ref id="CeilingBSDF" />
	</shape>

	<medium type="heterogeneous" id="smoke">
		<float name="sigma_t" value="0" />
    	<float name="albedo" value="0" />
		<phase type="hg">
    		<float name="g" value="0.99"/>
		</phase>
        <float name="scale" value="1"/>
    </medium>


	<shape type="sphere" id="Sphere">
		<float name="radius" value="0.33" />
		<point name="center" value="0 1 0" />
		<ref name="interior" id="smoke"/>
	</shape>

	<shape type="rectangle" id="Light">
		<transform name="to_world">
			<matrix value="0.235 -1.66103e-008 -7.80685e-009 -0.005 -2.05444e-008 3.90343e-009 -0.0893 1.98 2.05444e-008 0.19 8.30516e-009 -0.03 0 0 0 1" />
		</transform>
		<ref id="LightBSDF" />
		<emitter type="area">
			<rgb name="radiance" value="1,1,1" />
		</emitter>
	</shape>
</scene>