<scene version="3.0.0">
	<default name="integrator" value="ptracer" />
	<default name="spp" value="64" />
	<default name="resy" value="1024" />
	<default name="resx" value="1024" />
	<default name="max_depth" value="65" />
	<integrator type="$integrator">
		<integer name="max_depth" value="$max_depth" />
	</integrator>
	<sensor type="perspective">
		<float name="fov" value="19.5" />
		<transform name="to_world">
			<matrix value="-1 0 0 0 0 1 0 1 0 0 -1 6.8 0 0 0 1" />
		</transform>
		<sampler type="independent">
			<integer name="sample_count" value="$spp" />
		</sampler>
		<film type="hdrfilm">
			<integer name="width" value="$resx" />
			<integer name="height" value="$resy" />
			<string name="file_format" value="openexr" />
			<string name="pixel_format" value="rgb" />
			<rfilter type="box" />
		</film>
	</sensor>

    <medium type="homogeneous" id="smoke">
		<float name="sigma_t" value="0" />
    	<float name="albedo" value="1" />
		<phase type="hg">
    		<float name="g" value="0.99"/>
		</phase>
        <float name="scale" value="1"/>
    </medium>

	<shape type="sphere" id="Sphere">
		<float name="radius" value="0.33" />
		<point name="center" value="0 1 0" />
		<ref name="interior" id="smoke"/>
	</shape>


	<shape type="rectangle" id="Floor">
		<transform name="to_world">
			<rotate x="1" y="0" z="0" angle="90" />
		</transform>
		<bsdf type="twosided" id="FloorBSDF">
			<bsdf type="diffuse">
				<rgb name="reflectance" value="0.5,0.5,0.5" />
			</bsdf>
		</bsdf>
	</shape>


	<shape type="rectangle" id="Ceiling">
		<transform name="to_world">
			<translate x="0" y="0" z="2" />
			<rotate x="1" y="0" z="0" angle="-90" />
		</transform>
		<emitter type="directionalarea">
			<rgb name="radiance" value="15, 15, 15" />
		</emitter>
		<bsdf type="twosided" id="LightBSDF">
			<bsdf type="diffuse">
				<rgb name="reflectance" value="0.5,0.5,0.5" />
			</bsdf>
		</bsdf>
	</shape>

</scene>